"","M_tuberculosis_LipA","E_coli_LipA","EcPOS","MtPOS","epPCR_mutability","epPCR_mutability_sig","Compl_cons","Compl_cons_sig"
"1","-","m",1,0,0.288115972,FALSE,0,0
"2","-","s",2,0,0,FALSE,0,0
"3","-","k",3,0,0,FALSE,0,0
"4","-","p",4,0,0.070524292,FALSE,0,0
"5","-","i",5,0,0,FALSE,0,0
"6","-","v",6,0,0.068386975,FALSE,0,0
"7","m","m",7,1,0,FALSE,0,1
"8","s","e",8,2,0.04311024,FALSE,0,0
"9","v","r",9,3,0,FALSE,0,0
"10","a","g",10,4,0.011777168,FALSE,0.349355362498826,0
"11","a","v",11,5,0.174418844,FALSE,0,1
"12","-","k",12,0,0.104395212,FALSE,0,0
"13","-","y",13,0,0.152638502,FALSE,0,0
"14","-","r",14,0,0,FALSE,0,0
"15","e","d",15,6,0.134633089,FALSE,0.0908282683999044,0
"16","g","a",16,7,0,FALSE,0,0
"17","r","d",17,8,0,FALSE,0.119512210675741,0
"18","r","k",18,9,0,FALSE,0,0
"19","l","m",19,10,0,FALSE,0,0
"20","l","a",20,11,0,FALSE,0,0
"21","-","l",21,0,0,FALSE,0,0
"22","-","i",22,0,0,FALSE,0,0
"23","-","p",23,0,0,FALSE,0,0
"24","r","v",24,12,0,FALSE,0.0335437883325379,0
"25","l","k",25,13,0.360133094,FALSE,0,0
"26","e","n",26,14,0,FALSE,0,0
"27","v","v",27,15,0.020245301,FALSE,0.0107732274770078,0
"28","r","a",28,16,0.047038739,FALSE,0,0
"29","n","t",29,17,0.100117581,FALSE,0.00487606539537269,0
"30","a","e",30,18,0.181642386,FALSE,0.0516140213516809,0
"31","q","r",31,19,0,FALSE,0.130325290006847,0
"32","t","e",32,20,0.090018135,FALSE,0,0
"33","p","a",33,21,0,FALSE,0.0940015319265723,0
"34","i","l",34,22,0,FALSE,0,0
"35","e","l",35,23,0,FALSE,0.0217956604368178,0
"36","r","r",36,24,0.131526262,FALSE,0,0
"37","k","k",37,25,0.274682743,FALSE,0.327854548057028,1
"38","p","p",38,26,0.028014376,FALSE,0.0810692375611166,0
"39","p","e",39,27,0.061622493,FALSE,0,0
"40","w","w",40,28,0.362122496,FALSE,0.110770295996974,0
"41","i","m",41,29,0.113524661,FALSE,0,0
"42","k","k",42,30,0.078565615,FALSE,0,0
"43","t","i",43,31,0.028970753,FALSE,0.0263886036782641,0
"44","r","k",44,32,0.138457323,FALSE,0,0
"45","a","l",45,33,0,FALSE,0.157320722431397,0
"46","r","p",46,34,0,FALSE,0.141862996257423,0
"47","i","a",47,35,0,FALSE,0.0502548477426672,0
"48","g","d",48,36,0.017212892,FALSE,0,0
"49","-","s",49,0,0,FALSE,0,0
"50","p","t",50,37,0,FALSE,0.0721028425464182,0
"51","e","r",51,38,0.020679213,FALSE,0.0151230137168928,0
"52","y","i",52,39,0,FALSE,0.17359053234394,0
"53","t","q",53,40,0.173064709,FALSE,0.00184320018062498,0
"54","e","g",54,41,0,FALSE,0,0
"55","l","i",55,42,0.048455192,FALSE,0,0
"56","k","k",56,43,0.145113246,FALSE,0.196360329853994,0
"57","n","a",57,44,0,FALSE,0.0031880609782923,0
"58","l","a",58,45,0,FALSE,0,0
"59","v","m",59,46,0,FALSE,0.0311700701819878,0
"60","r","r",60,47,0,FALSE,0,0
"62","r","k",61,48,0.099787036,FALSE,0,0
"63","e","n",62,49,0,FALSE,0.0830474711738286,0
"64","g","g",63,50,0.013064598,FALSE,0,0
"65","l","l",64,51,0.465036886,TRUE,0.162754469239512,0
"66","h","h",65,52,0.119438677,FALSE,0.133910454082577,0
"67","t","s",66,53,0.633167626,TRUE,0,0
"68","v","v",67,54,0.296749532,FALSE,0.00326525840422531,0
"69","c","c",68,55,0.802041797,TRUE,0,0
"70","e","e",69,56,0.306396239,FALSE,0.0628397532582385,0
"71","e","e",70,57,0.319942279,FALSE,0,0
"72","a","a",71,58,0.737917554,TRUE,0,0
"73","g","s",72,59,0.413283463,FALSE,0,0
"74","c","c",73,60,0.909762448,TRUE,0,0
"75","p","p",74,61,0.249476301,FALSE,0,0
"76","n","n",75,62,0.09646284,FALSE,0,0
"77","i","l",76,63,0.054848477,FALSE,0.0645699156668841,0
"78","f","a",77,64,0.036419479,FALSE,0.129896913773747,0
"79","e","e",78,65,0.122005166,FALSE,0.2488862094618,1
"80","c","c",79,66,0.986208864,TRUE,0,0
"81","w","f",80,67,0.152990902,FALSE,0.326219915059869,1
"82","e","n",81,68,0,FALSE,0,0
"83","d","h",82,69,0,FALSE,0.0197633753486546,0
"84","r","g",83,70,0.107724003,FALSE,0.285286600253637,0
"85","e","t",84,71,0,FALSE,0.0634875062511329,0
"86","a","a",85,72,0.097779164,FALSE,0,0
"87","t","t",86,73,0.38024266,FALSE,0,0
"88","f","f",87,74,0.074889981,FALSE,0.166827874842083,0
"89","l","m",88,75,0.255887512,FALSE,0.017044047335633,0
"90","i","i",89,76,0.363858775,FALSE,0.0822725142969931,0
"91","g","l",90,77,0.215873228,FALSE,0,0
"92","g","g",91,78,0.3419598,FALSE,0,0
"93","d","a",92,79,0,FALSE,0,0
"94","q","i",93,80,0,FALSE,0,0
"95","c","c",94,81,0.651704052,TRUE,0,0
"96","t","t",95,82,0.204126486,FALSE,0,0
"97","r","r",96,83,0.777968568,TRUE,0,0
"98","r","r",97,84,0.08935727,FALSE,0,0
"99","c","c",98,85,0.456378295,TRUE,0,0
"100","d","p",99,86,0.181229232,FALSE,0,0
"101","f","f",100,87,0.254675779,FALSE,0,0
"102","c","c",101,88,0.870204571,TRUE,0,0
"103","q","d",102,89,0.184274517,FALSE,0,0
"104","i","v",103,90,0.145389352,FALSE,0,0
"105","d","a",104,91,0.287243566,FALSE,0.228317084872483,0
"106","t","h",105,92,0.061616538,FALSE,0,0
"107","g","g",106,93,0.687963177,TRUE,0,0
"108","k","r",107,94,0.02450317,FALSE,0,0
"109","p","p",108,95,0.533496333,TRUE,0.0691674972885523,0
"110","a","v",109,96,0.006070863,FALSE,0,0
"111","e","a",110,97,0,FALSE,0.0347967067228205,0
"112","l","p",111,98,0,FALSE,0.099397376169555,0
"113","d","d",112,99,0.051678441,FALSE,0.0584463094560981,0
"114","r","a",113,100,0.021116017,FALSE,0.0107334355729721,0
"115","d","n",114,101,0.02646269,FALSE,0,0
"116","e","e",115,102,0.082786992,FALSE,0,0
"117","p","p",116,103,0.066852257,FALSE,0.086564409452658,0
"118","r","v",117,104,0,FALSE,0.0165779373757427,0
"119","r","k",118,105,0,FALSE,0,0
"120","v","l",119,106,0.188668631,FALSE,0,0
"121","a","a",120,107,0,FALSE,0.154701904986448,0
"123","d","q",121,108,0.166890361,FALSE,0.00698353592969192,0
"124","s","t",122,109,0.051985453,FALSE,0,0
"125","v","i",123,110,0.069469535,FALSE,0,0
"126","r","a",124,111,0.000691774,FALSE,0.0364852065033228,0
"127","t","d",125,112,0.05902974,FALSE,0,0
"128","m","m",126,113,0.035341201,FALSE,0,0
"129","g","a",127,114,0.052306969,FALSE,0,0
"130","l","l",128,115,0.089621952,FALSE,0,0
"131","r","r",129,116,0.024060145,FALSE,0.0416395943089136,0
"132","y","y",130,117,0,FALSE,0.0741081218016169,0
"133","a","v",131,118,0.179713328,FALSE,0.167305204769535,0
"134","t","v",132,119,0.105465259,FALSE,0,0
"135","v","i",133,120,0.003761919,FALSE,0,0
"136","t","t",134,121,0.470301518,TRUE,0,0
"137","g","s",135,122,0.448401607,FALSE,0,0
"138","v","v",136,123,0.27136568,FALSE,0,0
"139","a","d",137,124,0,FALSE,0.0144157943432817,0
"140","r","r",138,125,0.97144288,TRUE,0,0
"141","d","d",139,126,0.503345116,TRUE,0,0
"142","d","d",140,127,0.427018257,FALSE,0,0
"143","l","l",141,128,0.229230932,FALSE,0,0
"144","p","r",142,129,0,FALSE,0.351314078888017,1
"145","d","d",143,130,0,FALSE,0,0
"146","g","g",144,131,0.203039179,FALSE,0.0682265161502991,0
"147","g","g",145,132,0.751056555,TRUE,0,0
"148","a","a",146,133,0.206450877,FALSE,0.0621405147199348,0
"149","w","q",147,134,0.129335975,FALSE,0,0
"150","l","h",148,135,0.044330172,FALSE,0,0
"151","y","f",149,136,0.047102884,FALSE,0,0
"152","a","a",150,137,0.133346703,FALSE,0.0859237348379003,0
"153","a","d",151,138,0.080782655,FALSE,0.00660479056101654,0
"154","t","c",152,139,0.622131064,TRUE,0.0582206536347842,0
"155","v","i",153,140,0,FALSE,0,0
"156","r","t",154,141,0,FALSE,0,0
"157","a","a",155,142,0.115477217,FALSE,0.000815204595332075,0
"158","i","i",156,143,0,FALSE,0,0
"159","k","r",157,144,0.058828774,FALSE,0,0
"160","e","e",158,145,0,FALSE,0,0
"161","l","k",159,146,0,FALSE,0.175074524601691,0
"162","n","s",160,147,0,FALSE,0.0698176487393998,0
"163","p","p",161,148,0,FALSE,0.068844943706427,0
"164","s","q",162,149,0.178041545,FALSE,0.0482624419175591,0
"165","t","i",163,150,0,FALSE,0,0
"166","g","k",164,151,0.04078172,FALSE,0,0
"167","v","i",165,152,0.16710117,FALSE,0,0
"168","e","e",166,153,0.202188851,FALSE,0,0
"169","l","t",167,154,0.079683146,FALSE,0,0
"170","l","l",168,155,0.298988679,FALSE,0,0
"171","i","v",169,156,0.14662011,FALSE,0.0984942338442065,0
"172","p","p",170,157,0.395730694,FALSE,0.0609682279770255,0
"173","d","d",171,158,0.593832854,TRUE,0,0
"174","f","f",172,159,0.12129443,FALSE,0,0
"175","n","r",173,160,0.175813053,FALSE,0.111548348438774,0
"176","g","g",174,161,0.201816724,FALSE,0.319099872491648,1
"177","e","r",175,162,0.254916029,FALSE,0,0
"178","p","m",176,163,0.142736631,FALSE,0.160970190188911,0
"179","t","d",177,164,0,FALSE,0,0
"180","r","r",178,165,0.03698668,FALSE,0,1
"181","l","a",179,166,0.270680304,FALSE,0,0
"182","a","l",180,167,0,FALSE,0.178381518771332,0
"184","e","d",181,168,0,FALSE,0.0491154407215559,0
"185","v","i",182,169,0,FALSE,0,0
"186","f","l",183,170,0.217949006,FALSE,0,0
"187","e","t",184,171,0,FALSE,0,0
"188","-","a",185,0,0.049586186,FALSE,0,0
"189","s","t",186,172,0,FALSE,0,0
"190","g","p",187,173,0.043565334,FALSE,0,0
"191","p","p",188,174,0.169170651,FALSE,0.0973493024020579,0
"192","e","d",189,175,0,FALSE,0.0323448089573298,0
"193","v","v",190,176,0.165315748,FALSE,0.223350901583542,1
"194","l","f",191,177,0.377193358,FALSE,0.0300377903680578,0
"195","a","n",192,178,0.258918297,FALSE,0,0
"196","h","h",193,179,0.327444304,FALSE,0,0
"197","n","n",194,180,0.220193819,FALSE,0,0
"198","v","l",195,181,0.125662701,FALSE,0,0
"199","e","e",196,182,0.383458782,FALSE,0,0
"200","t","n",197,183,0.171058216,FALSE,0,0
"201","v","v",198,184,0.11569783,FALSE,0.140033159664916,0
"202","p","p",199,185,0,FALSE,0.0748357549944679,0
"203","r","r",200,186,0.146601479,FALSE,0.151177147481795,0
"204","i","i",201,187,0,FALSE,0,0
"205","f","y",202,188,0.300127565,FALSE,0.00186766470358524,0
"206","k","r",203,189,0.073652192,FALSE,0,0
"207","r","q",204,190,0.021568932,FALSE,0.0976299026468752,0
"208","i","v",205,191,0.231504391,FALSE,0.0332391493075425,0
"209","r","r",206,192,0.77672976,TRUE,0,0
"210","p","p",207,193,0.090982655,FALSE,0.0831069280078918,0
"211","a","g",208,194,0.14482762,FALSE,0,0
"212","f","a",209,195,0.438233583,FALSE,0,0
"213","t","d",210,196,0.091181588,FALSE,0,0
"214","y","y",211,197,0.124051346,FALSE,0.0754773590191646,0
"215","r","n",212,198,0,FALSE,0.0466440811652234,0
"216","r","w",213,199,0.197953732,FALSE,0,0
"217","s","s",214,200,0.529109266,TRUE,0,0
"218","l","l",215,201,0.155635563,FALSE,0.170373622739463,0
"219","g","k",216,202,0,FALSE,0,0
"220","v","l",217,203,0.227656585,FALSE,0,0
"221","l","l",218,204,0.471113424,TRUE,0,0
"222","t","e",219,205,0,FALSE,0.0394298389810603,0
"223","a","r",220,206,0.07868335,FALSE,0.0138563826371423,0
"224","a","f",221,207,0.184151264,FALSE,0,0
"225","r","k",222,208,0.16291507,FALSE,0,0
"226","d","e",223,209,0.186063198,FALSE,0,0
"227","-","a",224,0,0,FALSE,0,0
"228","-","h",225,0,0,FALSE,0,0
"229","a","p",226,210,0.100136671,FALSE,0,0
"230","g","e",227,211,0.054303441,FALSE,0.0235307380369336,0
"231","l","i",228,212,0,FALSE,0,0
"232","v","p",229,213,0.068895081,FALSE,0,0
"233","t","t",230,214,0.157239742,FALSE,0,0
"234","k","k",231,215,0.348325982,FALSE,0,0
"235","s","s",232,216,0.632829853,TRUE,0,0
"236","n","g",233,217,0.358122503,FALSE,0,0
"237","l","l",234,218,0.368405484,FALSE,0,0
"238","i","m",235,219,0.07554485,FALSE,0,0
"239","l","v",236,220,0,FALSE,0.0585436772189222,0
"240","g","g",237,221,0.700439718,TRUE,0,0
"241","l","l",238,222,0.358396262,FALSE,0,0
"242","g","g",239,223,0.232328779,FALSE,0,0
"243","e","e",240,224,0.478696137,TRUE,0,0
"245","t","t",241,225,0.00651751,FALSE,0.233338067433495,1
"246","s","n",242,226,0,FALSE,0.0115852786145408,0
"247","d","e",243,227,0,FALSE,0,0
"248","e","e",244,228,0.052656576,FALSE,0,0
"249","v","i",245,229,0,FALSE,0,0
"250","r","i",246,230,0,FALSE,0.069765973938127,0
"251","t","e",247,231,0.073291117,FALSE,0,0
"252","a","v",248,232,0.002800444,FALSE,0.0341327008137481,0
"253","l","m",249,233,0,FALSE,0.0988646469449054,0
"254","g","r",250,234,0,FALSE,0,0
"255","d","d",251,235,0,FALSE,0,0
"256","l","l",252,236,0.317039061,FALSE,0,0
"257","r","r",253,237,0.063023393,FALSE,0,0
"258","d","r",254,238,0.068386975,FALSE,0.0800835809122466,0
"259","a","h",255,239,0,FALSE,0.154931102764448,0
"260","g","g",256,240,0.050546643,FALSE,0.0361076511488999,0
"261","c","v",257,241,0.330877052,FALSE,0.0102290623133041,0
"262","d","t",258,242,0,FALSE,0,0
"263","i","m",259,243,0.074137648,FALSE,0.0907603908431469,0
"264","v","l",260,244,0,FALSE,0.10130596969301,0
"265","t","t",261,245,0.024024762,FALSE,0.0643279273239121,0
"266","i","l",262,246,0.197671571,FALSE,0.0857021510764818,0
"267","t","g",263,247,0.651160312,TRUE,0,0
"268","q","q",264,248,0.599404013,TRUE,0,0
"269","y","y",265,249,0.584962501,TRUE,0,0
"270","l","l",266,250,0.050978021,FALSE,0.0584818968940374,0
"271","r","q",267,251,0.420041832,FALSE,0,0
"272","p","p",268,252,0.391314588,FALSE,0,0
"273","s","s",269,253,0.141778179,FALSE,0,0
"274","a","r",270,254,0.016140883,FALSE,0,0
"275","r","h",271,255,0.098674573,FALSE,0,0
"276","h","h",272,256,0.160112824,FALSE,0.060007780434828,0
"277","h","l",273,257,0.185195516,FALSE,0.291894526467081,1
"278","p","p",274,258,0.181758673,FALSE,0.363260948456036,1
"279","v","v",275,259,0.125838067,FALSE,0.0656158314732722,0
"280","e","q",276,260,0.143751972,FALSE,0.0683991071931123,0
"281","r","r",277,261,0.105157171,FALSE,0.262862216614952,1
"282","w","y",278,262,0.089788351,FALSE,0,0
"283","v","v",279,263,0,FALSE,0.0737495866714956,0
"284","k","s",280,264,0,FALSE,0,0
"285","p","p",281,265,0,FALSE,0.0677243729542961,0
"286","e","d",282,266,0,FALSE,0,0
"287","e","e",283,267,0,FALSE,0.0571419583443527,0
"288","f","f",284,268,0.125184871,FALSE,0,0
"289","v","d",285,269,0,FALSE,0.00718580714122674,0
"290","q","e",286,270,0,FALSE,0.107175008602518,0
"291","f","m",287,271,0.074907987,FALSE,0,0
"292","a","k",288,272,0,FALSE,0.0604211167418335,0
"293","r","a",289,273,0,FALSE,0.145555197835055,0
"294","f","e",290,274,0.05119166,FALSE,0,0
"295","a","a",291,275,0.136916585,FALSE,0,0
"296","e","l",292,276,0.141832694,FALSE,0,0
"297","g","a",293,277,0.006767933,FALSE,0,1
"298","l","m",294,278,0.042952145,FALSE,0,0
"299","g","g",295,279,0.116696225,FALSE,0,0
"300","f","f",296,280,0.552541023,TRUE,0.172007155293969,0
"301","a","t",297,281,0,FALSE,0,0
"302","g","h",298,282,0.036313699,FALSE,0,0
"303","v","a",299,283,0.092907219,FALSE,0.0390119752722859,0
"304","l","a",300,284,0,FALSE,0.125694552410833,0
"306","a","c",301,285,0.060151566,FALSE,0,0
"307","g","g",302,286,0,FALSE,0.0902662133296739,0
"308","p","p",303,287,0,FALSE,0,0
"309","l","f",304,288,0,FALSE,0,0
"310","v","v",305,289,0.047305715,FALSE,0.0437664914439343,0
"311","r","r",306,290,0.658906035,TRUE,0,0
"312","s","s",307,291,0.428891508,FALSE,0.0646204190716418,0
"313","s","s",308,292,0.543361596,TRUE,0,0
"314","y","y",309,293,0.253857759,FALSE,0.163319511825509,0
"315","r","h",310,294,0.037172943,FALSE,0.0729442485671058,0
"316","a","a",311,295,0.089498151,FALSE,0,0
"317","g","d",312,296,0,FALSE,0.120614197537243,0
"318","r","l",313,297,0,FALSE,0,0
"319","l","q",314,298,0.053224939,FALSE,0,0
"320","y","a",315,299,0.046898615,FALSE,0.0338265471743403,0
"321","e","k",316,300,0,FALSE,0.089216972717252,0
"322","q","g",317,301,0,FALSE,0,0
"323","a","m",318,302,0,FALSE,0.00331085726309299,0
"324","r","e",319,303,0,FALSE,0,0
"325","n","v",320,304,0,FALSE,0,0
"326","s","k",321,305,0,FALSE,0,0
