"","pos","seq","CONS_all","CONS_comp","DIFF","SIG"
"1",1,"M",0.69207485802574,0.24604600550845,-0.44602885251729,"na"
"2",2,"S",0.691595314505482,0.4920920110169,-0.199503303488582,"na"
"3",3,"V",0.236514411681399,0.178376813214735,-0.0581375984666641,"na"
"4",4,"A",0.257742079698697,0.607097442197523,0.349355362498826,"na"
"5",5,"A",0.817335328488283,0.185951720304313,-0.63138360818397,"na"
"6",6,"E",0.543367431263029,0.634195699662934,0.0908282683999044,"na"
"7",7,"G",0.44288375955118,0.287971910587339,-0.154911848963841,"na"
"8",8,"R",0.221288441144886,0.340800651820627,0.119512210675741,"na"
"9",9,"R",0.435879119768531,0.183518829504263,-0.252360290264268,"na"
"10",10,"L",0.321301584367343,0.179991414814336,-0.141310169553008,"na"
"11",11,"L",0.15114445947917,0.130037533315248,-0.021106926163922,"na"
"12",12,"R",0.136502568218207,0.170046356550744,0.0335437883325379,"na"
"13",13,"L",0.287174588749259,0.259714775824416,-0.0274598129248426,"na"
"14",14,"E",0.123450107680672,0.0925258311250031,-0.0309242765556685,"na"
"15",15,"V",0.150100428435651,0.160873655912659,0.0107732274770078,"na"
"16",16,"R",0.091188771515011,0.0881436225302743,-0.00304514898473662,"na"
"17",17,"N",0.120993378361717,0.12586944375709,0.00487606539537269,"na"
"18",18,"A",0.24383886538191,0.295452886733591,0.0516140213516809,"na"
"19",19,"Q",0.23569613397956,0.366021423986406,0.130325290006847,"na"
"20",20,"T",0.214790188736796,0.175433965754884,-0.0393562229819117,"na"
"21",21,"P",0.157562923947873,0.251564455874445,0.0940015319265723,"na"
"22",22,"I",0.104096971360069,0.10309169357626,-0.00100527778380843,"na"
"23",23,"E",0.0939475923790977,0.115743252815916,0.0217956604368178,"na"
"24",24,"R",0.356506429341035,0.202781788894261,-0.153724640446774,"na"
"25",25,"K",0.468785548228555,0.796640096285583,0.327854548057028,"na"
"26",26,"P",0.795536483754919,0.876605721316035,0.0810692375611166,"na"
"27",27,"P",0.203626890767554,0.184411432135355,-0.0192154586321988,"na"
"28",28,"W",0.725476103917089,0.836246399914063,0.110770295996974,"na"
"29",29,"I",0.4569157251147,0.415522930796824,-0.0413927943178763,"na"
"30",30,"K",0.460093825312438,0.379717922453632,-0.0803759028588051,"na"
"31",31,"T",0.189595943171805,0.215984546850069,0.0263886036782641,"na"
"32",32,"R",0.445655247948486,0.32511003663712,-0.120545211311365,"na"
"33",33,"A",0.134064577102243,0.29138529953364,0.157320722431397,"na"
"34",34,"R",0.153999759180719,0.295862755438143,0.141862996257423,"na"
"35",35,"I",0.071495685825238,0.121750533567905,0.0502548477426672,"na"
"36",36,"G",0.408951029278891,0.187634887189296,-0.221316142089594,"na"
"37",37,"P",0.12336456823573,0.195467410782148,0.0721028425464182,"na"
"38",38,"E",0.142003658098336,0.157126671815229,0.0151230137168928,"na"
"39",39,"Y",0.157890907730725,0.331481440074664,0.17359053234394,"na"
"40",40,"T",0.109879945113973,0.111723145294598,0.00184320018062498,"na"
"41",41,"E",0.202641279971327,0.145289263439765,-0.0573520165315626,"na"
"42",42,"L",0.33471381424461,0.312082637225403,-0.0226311770192075,"na"
"43",43,"K",0.312732270028317,0.50909259988231,0.196360329853994,"na"
"44",44,"N",0.207473646397496,0.210661707375788,0.0031880609782923,"na"
"45",45,"L",0.290578526879529,0.224844578036938,-0.0657339488425913,"na"
"46",46,"V",0.330563651285644,0.361733721467631,0.0311700701819878,"na"
"47",47,"R",0.476649272644079,0.458502021602336,-0.0181472510417439,"na"
"48",48,"R",0.178996092650143,0.16945804085,-0.00953805180014283,"na"
"49",49,"E",0.130851285246822,0.213898756420651,0.0830474711738286,"na"
"50",50,"G",0.197373471675139,0.157562923947873,-0.0398105477272655,"na"
"51",51,"L",0.73662384290824,0.899378312147752,0.162754469239512,"na"
"52",52,"H",0.347720492927497,0.481630947010074,0.133910454082577,"na"
"53",53,"T",0.909408251800733,0.811127155577043,-0.0982810962236901,"na"
"54",54,"V",0.783497186949341,0.786762445353566,0.00326525840422531,"na"
"55",55,"C",0.915099168127928,0.843231110250112,-0.0718680578778158,"na"
"56",56,"E",0.757333157938488,0.820172911196726,0.0628397532582385,"na"
"57",57,"E",0.746389191648477,0.596254436165316,-0.150134755483161,"na"
"58",58,"A",0.859756486243006,0.782954296256543,-0.0768021899864634,"na"
"59",59,"G",0.438302860658018,0.27585843501049,-0.162444425647528,"na"
"60",60,"C",0.915099168127928,0.843231110250112,-0.0718680578778158,"na"
"61",61,"P",0.936272247434492,0.876605721316035,-0.0596665261184571,"na"
"62",62,"N",1,1,0,"na"
"63",63,"I",0.395842932935636,0.46041284860252,0.0645699156668841,"na"
"64",64,"F",0.104821023055116,0.234717936828863,0.129896913773747,"na"
"65",65,"E",0.728499556949005,0.977385766410805,0.2488862094618,"na"
"66",66,"C",0.915099168127928,0.843231110250112,-0.0718680578778158,"na"
"67",67,"W",0.321301584367343,0.647521499427213,0.326219915059869,"na"
"68",68,"E",0.333093706273005,0.254899420749548,-0.0781942855234578,"na"
"69",69,"D",0.188286308329227,0.208049683677881,0.0197633753486546,"na"
"70",70,"R",0.310141824428847,0.595428424682484,0.285286600253637,"na"
"71",71,"E",0.71946679000541,0.782954296256543,0.0634875062511329,"na"
"72",72,"A",0.9841840220338,0.964598184584138,-0.0195858374496618,"na"
"73",73,"T",0.986916545885842,0.969961910341735,-0.0169546355441067,"na"
"74",74,"F",0.732550437305669,0.899378312147752,0.166827874842083,"na"
"75",75,"L",0.674551267169849,0.691595314505482,0.017044047335633,"na"
"76",76,"I",0.72046487441896,0.802737388715954,0.0822725142969931,"na"
"77",77,"G",0.445964259710046,0.313600551130249,-0.132363708579798,"na"
"78",78,"G",0.915733686418126,0.843231110250112,-0.0725025761680138,"na"
"79",79,"D",0.262975444800968,0.189990607050189,-0.0729848377507786,"na"
"80",80,"Q",0.426022047537433,0.336575017319196,-0.0894470302182374,"na"
"81",81,"C",0.915099168127928,0.843231110250112,-0.0718680578778158,"na"
"82",82,"T",0.986916545885842,0.969961910341735,-0.0169546355441067,"na"
"83",83,"R",0.975355461527642,0.946713631236714,-0.0286418302909278,"na"
"84",84,"R",0.23832463632204,0.237994477124383,-0.00033015919765686,"na"
"85",85,"C",0.915099168127928,0.843231110250112,-0.0718680578778158,"na"
"86",86,"D",0.324434691734796,0.202360554136852,-0.122074137597944,"na"
"87",87,"F",0.737134608645551,0.694477567882555,-0.0426570407629951,"na"
"88",88,"C",0.915099168127928,0.843231110250112,-0.0718680578778158,"na"
"89",89,"Q",0.452816991508911,0.29504358583405,-0.157773405674861,"na"
"90",90,"I",0.615145672375572,0.479964630519454,-0.135181041856118,"na"
"91",91,"D",0.157235621479502,0.385552706351985,0.228317084872483,"na"
"92",92,"T",0.397492625474487,0.269060031195949,-0.128432594278538,"na"
"93",93,"G",0.766309980103892,0.554784736033923,-0.211525244069969,"na"
"94",94,"K",0.453130969133667,0.346998179753898,-0.106132789379769,"na"
"95",95,"P",0.520510798842056,0.589678296130608,0.0691674972885523,"na"
"96",96,"A",0.068109507013333,0.0555141747401503,-0.0125953322731827,"na"
"97",97,"E",0.100481373842894,0.135278080565714,0.0347967067228205,"na"
"98",98,"L",0.396117405462485,0.49551478163204,0.099397376169555,"na"
"99",99,"D",0.887611337269498,0.946057646725596,0.0584463094560981,"na"
"100",100,"R",0.16300634190732,0.173739777480292,0.0107334355729721,"na"
"101",101,"D",0.365514362100008,0.304180589658517,-0.0613337724414914,"na"
"102",102,"E",0.990342871933025,0.978063473447339,-0.0122793984856854,"na"
"103",103,"P",0.790041311863377,0.876605721316035,0.086564409452658,"na"
"104",104,"R",0.0625867034819584,0.0791646408577011,0.0165779373757427,"na"
"105",105,"R",0.396666921595571,0.349411742962767,-0.0472551786328049,"na"
"106",106,"V",0.501388217950539,0.411795508633787,-0.0895927093167522,"na"
"107",107,"A",0.810565119885309,0.965267024871757,0.154701904986448,"na"
"108",108,"D",0.321524370857651,0.328507906787343,0.00698353592969192,"na"
"109",109,"S",0.616426162731903,0.507683050434715,-0.108743112297188,"na"
"110",110,"V",0.667574151647954,0.615145672375572,-0.0524284792723819,"na"
"111",111,"R",0.503128911748891,0.539614118252214,0.0364852065033228,"na"
"112",112,"T",0.170636714735646,0.128158404736074,-0.0424783099995716,"na"
"113",113,"M",0.678302163723836,0.601234624449089,-0.0770675392747471,"na"
"114",114,"G",0.204333832122071,0.09258998737627,-0.111743844745801,"na"
"115",115,"L",0.950659101229818,0.899378312147752,-0.0512807890820665,"na"
"116",116,"R",0.452503231441453,0.494142825750366,0.0416395943089136,"na"
"117",117,"Y",0.571173123424273,0.645281245225889,0.0741081218016169,"na"
"118",118,"A",0.464258426153364,0.6315636309229,0.167305204769535,"na"
"119",119,"T",0.893785162356787,0.769503610080431,-0.124281552276356,"na"
"120",120,"V",0.692554734055462,0.655651007107824,-0.0369037269476389,"na"
"121",121,"T",0.986916545885842,0.969961910341735,-0.0169546355441067,"na"
"122",122,"G",0.843815796130018,0.827596816078206,-0.0162189800518122,"na"
"123",123,"V",0.981459063853479,0.957935218222697,-0.0235238456307826,"na"
"124",124,"A",0.333787075823977,0.348202870167259,0.0144157943432817,"na"
"125",125,"R",0.975355461527642,0.946713631236714,-0.0286418302909278,"na"
"126",126,"D",0.975355461527642,0.946057646725596,-0.0292978148020459,"na"
"127",127,"D",0.975355461527642,0.946057646725596,-0.0292978148020459,"na"
"128",128,"L",0.950659101229818,0.899378312147752,-0.0512807890820665,"na"
"129",129,"P",0.32511003663712,0.676424115525137,0.351314078888017,"na"
"130",130,"D",0.975355461527642,0.946057646725596,-0.0292978148020459,"na"
"131",131,"G",0.479299719246488,0.547526235396787,0.0682265161502991,"na"
"132",132,"G",0.915733686418126,0.843231110250112,-0.0725025761680138,"na"
"133",133,"A",0.903126510151822,0.965267024871757,0.0621405147199348,"na"
"134",134,"W",0.367037659008526,0.357992185300286,-0.00904547370823983,"na"
"135",135,"L",0.640823962080097,0.605416541975277,-0.0354074201048196,"na"
"136",136,"Y",0.634195699662934,0.508035071496851,-0.126160628166083,"na"
"137",137,"A",0.639049681601526,0.724973416439426,0.0859237348379003,"na"
"138",138,"A",0.191179534735346,0.197784325296363,0.00660479056101654,"na"
"139",139,"T",0.465547409915115,0.523768063549899,0.0582206536347842,"na"
"140",140,"V",0.816768991110023,0.61471943362729,-0.202049557482732,"na"
"141",141,"R",0.241316756217939,0.18543686673014,-0.055879889487799,"na"
"142",142,"A",0.293615492803413,0.294430697398745,0.000815204595332075,"na"
"143",143,"I",0.62114414089222,0.592957249705474,-0.0281868911867457,"na"
"144",144,"K",0.780786492607391,0.710053679271714,-0.0707328133356774,"na"
"145",145,"E",0.214939121560752,0.0912520006659076,-0.123687120894844,"na"
"146",146,"L",0.120993378361717,0.296067902963408,0.175074524601691,"na"
"147",147,"N",0.311218558845543,0.381036207584942,0.0698176487393998,"na"
"148",148,"P",0.807760777609608,0.876605721316035,0.068844943706427,"na"
"149",149,"S",0.10309169357626,0.151354135493819,0.0482624419175591,"na"
"150",150,"T",0.552099423581546,0.511923450214221,-0.0401759733673253,"na"
"151",151,"G",0.199574596589162,0.170518479359919,-0.0290561172292431,"na"
"152",152,"V",0.500693627855667,0.353553390593274,-0.147140237262394,"na"
"153",153,"E",0.990342871933025,0.978063473447339,-0.0122793984856854,"na"
"154",154,"L",0.494142825750366,0.315125847895746,-0.17901697785462,"na"
"155",155,"L",0.950659101229818,0.899378312147752,-0.0512807890820665,"na"
"156",156,"I",0.38715951392661,0.485653747770817,0.0984942338442065,"na"
"157",157,"P",0.81563749333901,0.876605721316035,0.0609682279770255,"na"
"158",158,"D",0.975355461527642,0.946057646725596,-0.0292978148020459,"na"
"159",159,"F",0.56330961424864,0.52195596371086,-0.0413536505377802,"na"
"160",160,"N",0.329191730514811,0.440740078953585,0.111548348438774,"na"
"161",161,"G",0.524131237758464,0.843231110250112,0.319099872491648,"na"
"162",162,"E",0.369078601420708,0.180366085857704,-0.188712515563005,"na"
"163",163,"P",0.157890907730725,0.318861097919636,0.160970190188911,"na"
"164",164,"T",0.331941289595609,0.226251615720726,-0.105689673874883,"na"
"165",165,"R",0.474342157570227,0.155286035223055,-0.319056122347172,"na"
"166",166,"L",0.590496330714765,0.385820043764734,-0.204676286950031,"na"
"167",167,"A",0.361232599480881,0.539614118252214,0.178381518771332,"na"
"168",168,"E",0.265355802237449,0.314471242959005,0.0491154407215559,"na"
"169",169,"V",0.385552706351985,0.359982829628671,-0.0255698767233137,"na"
"170",170,"F",0.18543686673014,0.131761427911342,-0.0536754388187979,"na"
"171",171,"E",0.317978251685893,0.200823499189258,-0.117154752496635,"na"
"172",172,"S",0.484644908467532,0.351111218934499,-0.133533689533033,"na"
"173",173,"G",0.365767805176082,0.336108748538157,-0.029659056637925,"na"
"174",174,"P",0.545253866332629,0.642603168734687,0.0973493024020579,"na"
"175",175,"E",0.470087101254563,0.502431910211893,0.0323448089573298,"na"
"176",176,"V",0.734584316639154,0.957935218222697,0.223350901583542,"na"
"177",177,"L",0.323760749713606,0.353798540081664,0.0300377903680578,"na"
"178",178,"A",0.77431902785322,0.613442488626902,-0.160876539226318,"na"
"179",179,"H",0.891310495896971,0.780786492607391,-0.11052400328958,"na"
"180",180,"N",1,1,0,"na"
"181",181,"V",0.333555792419442,0.203909373334752,-0.12964641908469,"na"
"182",182,"E",0.990342871933025,0.978063473447339,-0.0122793984856854,"na"
"183",183,"T",0.90814841772151,0.804966137621122,-0.103182280100388,"na"
"184",184,"V",0.817902058557781,0.957935218222697,0.140033159664916,"na"
"185",185,"P",0.22329146308819,0.298127218082658,0.0748357549944679,"na"
"186",186,"R",0.795536483754919,0.946713631236714,0.151177147481795,"na"
"187",187,"I",0.557096825409666,0.379191886343611,-0.177904939066056,"na"
"188",188,"F",0.335875856430324,0.337743521133909,0.00186766470358524,"na"
"189",189,"K",0.267572174606656,0.214492632607173,-0.0530795419994833,"na"
"190",190,"R",0.0939475923790977,0.191577495025973,0.0976299026468752,"na"
"191",191,"I",0.598324481615357,0.6315636309229,0.0332391493075425,"na"
"192",192,"R",0.975355461527642,0.946713631236714,-0.0286418302909278,"na"
"193",193,"P",0.38050834520984,0.463615273217731,0.0831069280078918,"na"
"194",194,"A",0.225000482448378,0.148239312426369,-0.0767611700220095,"na"
"195",195,"F",0.644387315242508,0.433468781757343,-0.210918533485164,"na"
"196",196,"T",0.20732988645361,0.170518479359919,-0.0368114070936911,"na"
"197",197,"Y",0.827023368443266,0.90250072746243,0.0754773590191646,"na"
"198",198,"R",0.172659306017982,0.219303387183206,0.0466440811652234,"na"
"199",199,"R",0.445346450303341,0.407818746669505,-0.0375277036338356,"na"
"200",200,"S",0.929160674250913,0.84147948228538,-0.0876811919655326,"na"
"201",201,"L",0.729004689408289,0.899378312147752,0.170373622739463,"na"
"202",202,"G",0.160985203688728,0.115342811581725,-0.0456423921070034,"na"
"203",203,"V",0.502083771619487,0.462973011263662,-0.0391107603558245,"na"
"204",204,"L",0.950659101229818,0.899378312147752,-0.0512807890820665,"na"
"205",205,"T",0.278548412704833,0.317978251685893,0.0394298389810603,"na"
"206",206,"A",0.0704625257590888,0.0843189083962312,0.0138563826371423,"na"
"207",207,"A",0.355765865308649,0.354535008919865,-0.00123085638878412,"na"
"208",208,"R",0.47139226795912,0.328963631257252,-0.142428636701868,"na"
"209",209,"D",0.316878130508606,0.279709275258928,-0.0371688552496783,"na"
"210",210,"A",0.432568345292494,0.347961597957775,-0.0846067473347187,"na"
"211",211,"G",0.178129701768598,0.201660439805532,0.0235307380369336,"na"
"212",212,"L",0.342933322147649,0.22267322515167,-0.120260096995979,"na"
"213",213,"V",0.149166967878965,0.11916231816102,-0.0300046497179453,"na"
"214",214,"T",0.73662384290824,0.607939641591549,-0.128684201316691,"na"
"215",215,"K",0.984866442895551,0.965936328924846,-0.0189301139707048,"na"
"216",216,"S",0.862143545017596,0.700278160443602,-0.161865384573994,"na"
"217",217,"N",0.697855382061083,0.465547409915115,-0.232307972145969,"na"
"218",218,"L",0.407536166201313,0.325561047392257,-0.0819751188090556,"na"
"219",219,"I",0.817902058557781,0.790041311863377,-0.0278607466944037,"na"
"220",220,"L",0.625898229326997,0.684441906545919,0.0585436772189222,"na"
"221",221,"G",0.915733686418126,0.843231110250112,-0.0725025761680138,"na"
"222",222,"L",0.950659101229818,0.899378312147752,-0.0512807890820665,"na"
"223",223,"G",0.915733686418126,0.843231110250112,-0.0725025761680138,"na"
"224",224,"E",0.990342871933025,0.978063473447339,-0.0122793984856854,"na"
"225",225,"T",0.73662384290824,0.969961910341735,0.233338067433495,"na"
"226",226,"S",0.164824201811546,0.176409480426087,0.0115852786145408,"na"
"227",227,"D",0.23848988763689,0.133138525424177,-0.105351362212712,"na"
"228",228,"E",0.990342871933025,0.978063473447339,-0.0122793984856854,"na"
"229",229,"V",0.567621051073032,0.534773543942622,-0.0328475071304097,"na"
"230",230,"R",0.0826409128214109,0.152406886759538,0.069765973938127,"na"
"231",231,"T",0.62114414089222,0.513344772859999,-0.10779936803222,"na"
"232",232,"A",0.33494590060696,0.369078601420708,0.0341327008137481,"na"
"233",233,"L",0.504875648798343,0.603740295743248,0.0988646469449054,"na"
"234",234,"G",0.17974206660587,0.146502785459314,-0.0332392811465554,"na"
"235",235,"D",0.75471298426028,0.713012858682071,-0.0417001255782092,"na"
"236",236,"L",0.643940814754913,0.526315577354719,-0.117625237400193,"na"
"237",237,"R",0.577943353277399,0.550570799048982,-0.0273725542284174,"na"
"238",238,"D",0.155286035223055,0.235369616135302,0.0800835809122466,"na"
"239",239,"A",0.150517172653927,0.305448275418375,0.154931102764448,"na"
"240",240,"G",0.357000994921266,0.393108646070166,0.0361076511488999,"na"
"241",241,"C",0.346277367027731,0.356506429341035,0.0102290623133041,"na"
"242",242,"D",0.399702915176236,0.382889499273596,-0.0168134159026404,"na"
"243",243,"I",0.550952557938305,0.641712948781452,0.0907603908431469,"na"
"244",244,"V",0.52850902028069,0.6298149899737,0.10130596969301,"na"
"245",245,"T",0.905633983017823,0.969961910341735,0.0643279273239121,"na"
"246",246,"I",0.567227742467977,0.652929893544459,0.0857021510764818,"na"
"247",247,"T",0.620283648857694,0.544498507668053,-0.0757851411896412,"na"
"248",248,"Q",0.997231251352069,0.993781093322555,-0.00345015802951454,"na"
"249",249,"Y",0.951977908497531,0.90250072746243,-0.0494771810351013,"na"
"250",250,"L",0.840896415253715,0.899378312147752,0.0584818968940374,"na"
"251",251,"R",0.498961359499525,0.437695664847132,-0.0612656946523933,"na"
"252",252,"P",0.936272247434492,0.876605721316035,-0.0596665261184571,"na"
"253",253,"S",0.796640096285583,0.700278160443602,-0.0963619358419803,"na"
"254",254,"A",0.302708270987639,0.267386771971311,-0.0353214990163273,"na"
"255",255,"R",0.270743761381481,0.220981882765918,-0.0497618786155634,"na"
"256",256,"H",0.891310495896971,0.951318276331799,0.060007780434828,"na"
"257",257,"H",0.228616272374975,0.520510798842056,0.291894526467081,"na"
"258",258,"P",0.513344772859999,0.876605721316035,0.363260948456036,"na"
"259",259,"V",0.718968266423479,0.784584097896751,0.0656158314732722,"na"
"260",260,"E",0.417254640577704,0.485653747770817,0.0683991071931123,"na"
"261",261,"R",0.476318999021969,0.739181215636921,0.262862216614952,"na"
"262",262,"W",0.540362701019676,0.479299719246488,-0.0610629817731873,"na"
"263",263,"V",0.71301285868207,0.786762445353566,0.0737495866714956,"na"
"264",264,"K",0.399425958224574,0.281459646534191,-0.117966311690383,"na"
"265",265,"P",0.808881348361739,0.876605721316035,0.0677243729542961,"na"
"266",266,"E",0.56998663634673,0.298540796768647,-0.271445839578083,"na"
"267",267,"E",0.749499800877774,0.806641759222126,0.0571419583443527,"na"
"268",268,"F",0.950000382874886,0.900001929793512,-0.0499984530813737,"na"
"269",269,"V",0.341983825975623,0.349169633116849,0.00718580714122674,"na"
"270",270,"Q",0.16300634190732,0.270181350509838,0.107175008602518,"na"
"271",271,"F",0.195738574064136,0.194656172765415,-0.0010824012987202,"na"
"272",272,"A",0.220064753390788,0.280485870132621,0.0604211167418335,"na"
"273",273,"R",0.275476278969153,0.421031476804208,0.145555197835055,"na"
"274",274,"F",0.421031476804208,0.417833479460927,-0.00319799734328119,"na"
"275",275,"A",0.691116103264291,0.383686524000222,-0.30742957926407,"na"
"276",276,"E",0.17604302836401,0.0788360880519531,-0.097206940312057,"na"
"277",277,"G",0.477310507069858,0.192910021882367,-0.284400485187492,"na"
"278",278,"L",0.324209888662752,0.251390145099617,-0.0728197435631353,"na"
"279",279,"G",0.915733686418126,0.843231110250112,-0.0725025761680138,"na"
"280",280,"F",0.727994774499543,0.900001929793512,0.172007155293969,"na"
"281",281,"A",0.169810785568618,0.133600748901376,-0.0362100366672421,"na"
"282",282,"G",0.183900843231967,0.126306430810845,-0.0575944124211218,"na"
"283",283,"V",0.741233504901418,0.780245480173704,0.0390119752722859,"na"
"284",284,"L",0.205327675188016,0.331022227598849,0.125694552410833,"na"
"285",285,"A",0.6602114205075,0.542238704421532,-0.117972716085968,"na"
"286",286,"G",0.358488812003957,0.448755025333631,0.0902662133296739,"na"
"287",287,"P",0.936272247434492,0.876605721316035,-0.0596665261184571,"na"
"288",288,"L",0.552482242399956,0.524131237758464,-0.0283510046414914,"na"
"289",289,"V",0.730016005327261,0.773782496771195,0.0437664914439343,"na"
"290",290,"R",0.975355461527642,0.946713631236714,-0.0286418302909278,"na"
"291",291,"S",0.929160674250913,0.993781093322555,0.0646204190716418,"na"
"292",292,"S",0.99792271899905,0.993781093322555,-0.00414162567649545,"na"
"293",293,"Y",0.739181215636921,0.90250072746243,0.163319511825509,"na"
"294",294,"R",0.495858365369147,0.568802613936252,0.0729442485671058,"na"
"295",295,"A",0.979420297586927,0.965267024871757,-0.0141532727151699,"na"
"296",296,"G",0.266277050848354,0.386891248385598,0.120614197537243,"na"
"297",297,"R",0.19411721875026,0.152936005141483,-0.0411812136087766,"na"
"298",298,"L",0.309283119671793,0.291789525454617,-0.0174935942171763,"na"
"299",299,"Y",0.136691932185579,0.170518479359919,0.0338265471743403,"na"
"300",300,"E",0.289974913626359,0.379191886343611,0.089216972717252,"na"
"301",301,"Q",0.102096123888753,0.077589218220382,-0.0245069056683708,"na"
"302",302,"A",0.279321784518055,0.282632641781148,0.00331085726309299,"na"
"303",303,"R",0.221135108832885,0.188155843426383,-0.0329792654065017,"na"
"304",304,"N",0.326691313473293,0.195738574064136,-0.130952739409158,"na"
"305",305,"S",0.0872319227576354,0.0695888511392929,-0.0176430716183425,"na"
"306",306,"R",0.0969241507933756,0.345318612035964,0.248394461242589,"na"
"307",307,"A",0.195331970043079,0.74535519339946,0.550023223356381,"na"
"308",308,"L",0.390934821564297,0.279515462741465,-0.111419358822831,"na"
"309",309,"A",0.131396613635963,0.231326107009463,0.0999294933734998,"na"
"310",310,"S",0.292802545304702,0.671751712860648,0.378949167555946,"na"
"311",311,"R",0.539240215847226,0.284204243309004,-0.255035972538222,"na"
